Headline,true_label
Reliance reports strong quarterly profit beating all estimates,Positive
Reliance Jio subscriber growth surges to record high in Q3,Positive
Reliance Industries acquires majority stake in retail startup,Positive
Reliance stock falls after oil refining margins disappoint,Negative
Reliance Green Energy plans massive solar capacity expansion,Positive
Reliance faces regulatory probe over telecom pricing practices,Negative
Reliance Industries posts 15% decline in net profit for quarter,Negative
Reliance new commerce unit shows strong traction among kirana stores,Positive
Mukesh Ambani hints at Jio IPO within two years,Positive
Reliance shares slide on concerns about rising crude oil prices,Negative
TCS signs major deal with global client worth $1.5 billion,Positive
TCS reports record revenue in Q3 led by BFSI and retail verticals,Positive
TCS attrition rises to 15% raising concerns about talent retention,Negative
TCS announces $1 billion share buyback program,Positive
TCS wins cloud transformation contract with European bank,Positive
TCS Q3 profit falls short of analyst expectations,Negative
TCS to hire 40000 freshers in FY23 amid strong demand,Positive
TCS faces lawsuit over alleged data breach at US client,Negative
TCS launches new AI-powered platform for supply chain management,Positive
TCS management warns of macroeconomic headwinds in H2 FY23,Negative
Infosys shares fall after weak revenue guidance for Q4,Negative
Infosys wins $400 million deal with Australian government,Positive
Infosys Q3 results beat estimates on margin expansion,Positive
Infosys CEO Salil Parekh gets raise as board backs performance,Positive
Infosys faces US visa rejection surge hitting onsite deployment,Negative
Infosys announces partnership with SAP for cloud ERP rollout,Positive
Infosys misses earnings estimates as expenses surge,Negative
Infosys stock drops sharply after whistleblower complaint emerges,Negative
Infosys digital segment revenue crosses $3 billion milestone,Positive
Infosys campus hiring drive attracts record 300000 applicants,Positive
HDFC Bank shows steady growth in earnings for third consecutive quarter,Positive
HDFC Bank merger with HDFC Ltd receives final regulatory approval,Positive
HDFC Bank net interest margin narrows amid rising funding costs,Negative
HDFC Bank credit card spending hits all-time high in festive quarter,Positive
HDFC Bank gross NPA ratio rises to 1.4% raising asset quality concerns,Negative
HDFC Bank appoints new CFO as part of leadership restructuring,Neutral
HDFC Bank Q3 net profit grows 18% year on year,Positive
HDFC Bank faces RBI action for non-compliance with digital banking norms,Negative
HDFC Bank launches new SME lending platform targeting small businesses,Positive
HDFC Bank stock rallies after Morgan Stanley upgrades to overweight,Positive
ICICI Bank stock rises on strong Q3 results and loan growth,Positive
ICICI Bank retail loan book grows 20% year on year driven by home loans,Positive
ICICI Bank sees surge in mobile banking users crossing 30 million mark,Positive
ICICI Bank Q3 provisions fall sharply signaling improved asset quality,Positive
ICICI Bank shares decline after CEO cautions on unsecured lending risks,Negative
ICICI Bank under scrutiny for alleged evergreening of corporate loans,Negative
ICICI Bank profit jumps 25% beating street expectations by wide margin,Positive
ICICI Prudential Life Insurance arm posts weak quarterly numbers,Negative
ICICI Bank launches zero-fee digital savings account for millennials,Positive
ICICI Bank stock hits 52-week high after strong brokerage upgrades,Positive
Reliance Jio 5G rollout accelerates ahead of government deadline,Positive
TCS bags $500 million digital transformation deal from UK insurer,Positive
Infosys raises full-year revenue guidance on strong deal pipeline,Positive
HDFC Bank sees strong Q3 retail disbursements despite rate hike,Positive
ICICI Bank credit costs hit multi-year low boosting profitability,Positive
Reliance stock under pressure as FII outflows accelerate,Negative
TCS stock dips after key client announces budget freeze,Negative
Infosys large deal wins hit record $3.3 billion in Q3,Positive
HDFC Bank faces stiff competition from fintechs in personal loans,Negative
ICICI Bank raises $2 billion via QIP at premium to market price,Positive
